"_id",nombre,email,telefono,direccion
60b8d295f8b4d536c8a68889,Juan Pérez,juan123@gmail.com,1547694757,"Montevideo Nº 123, Buenos Aires, Ciudad Autónoma de Buenos Aires"
60b8d295f8b4d536c8a68891,María Gómez,maria.gomez85@outlook.com,1550895510,"Avenida Inmigrantes Nº 456, Buenos Aires, Ciudad Autónoma de Buenos Aires"
60b8d295f8b4d536c8a68893,Pedro Rodríguez,prodriguez@yahoo.com,1540605476,"Peron Nº 340, Buenos Aires, Ciudad Autónoma de Buenos Aires"
60b8d295f8b4d536c8a68895,Ana Martínez,anamartinez78@gmail.com,1534874449,"Segurola Nº 567, Buenos Aires, Ciudad Autónoma de Buenos Aires"
60b8d295f8b4d536c8a68897,Luisa Sánchez,lsanchez@gmail.com,48903457,"Avenida Caseros Nº 890, Buenos Aires, Ciudad Autónoma de Buenos Aires"
60b8d295f8b4d536c8a68899,Carlos López,carlos.lopez@hotmail.com,46301011,"Piedrabuena Nº 246, Buenos Aires, Ciudad Autónoma de Buenos Aires"
60b8d295f8b4d536c8a6889b,Laura García,lauragarcia@gmail.com,47694757,"Bme Mitre Nº 345, Buenos Aires, Ciudad Autónoma de Buenos Aires"
60b8d295f8b4d536c8a6889d,Jorge Martín,jmartin79@yahoo.com,43201247,"Helguera Nº 678, Buenos Aires, Ciudad Autónoma de Buenos Aires"
60b8d295f8b4d536c8a6889f,Sofía Fernández,s.fernandez@outlook.com,1547695020,"Avenida Centenario Nº 901, Buenos Aires, Ciudad Autónoma de Buenos Aires"
66783b3597d33deb135b2d68,Martín Sánchez,martin234@gmail.com,47654321,Libertad Nº 456 Ciudad Autonoma de Buenos Aires
66783b3597d33deb135b2d69,Andrea López,andreab@gmail.com,46267747,Sanabria Nº 789 Ciudad Autonoma de Buenos Aires
66783b3597d33deb135b2d6a,Daniel Martínez,danielm@outlook.com,43451255,Monroe Nº 123 Ciudad Autonoma de Buenos Aires
66783b3597d33deb135b2d6b,Carolina Rodríguez,carolinaro@yahoo.com,1549657890," Morris Nº 567 Hurlingham"
66783b3597d33deb135b2d6c,Fernando Gómez,fernando45@gmail.com,45679000,Bernardo de Yrigoyen Nº 890 Moron
66783b3597d33deb135b2d6d,Lucía Pérez,perez@gmail.com,44556346," Avenida Rivadavia Nº 246 Haedo"
66783b3597d33deb135b2d6e,Pablo Fernández,pablo3@gmail.com,1533768934,Pedriel Nº 345 San Martin
